human,mouse,group
PER3,Per3,Epidermis&Anagen&Telogen
NR1D2,Nr1d2,Epidermis&Anagen&Telogen
HLF,Hlf,Epidermis&Anagen&Telogen
FKBP5,Fkbp5,Epidermis&Anagen&Telogen
NPAS2,Npas2,Epidermis&Anagen&Telogen
ARNTL,Arntl,Epidermis&Anagen&Telogen
PER2,Per2,Epidermis&Anagen&Telogen
MSTN,Mstn,Anagen&Telogen
SERPINB12,Serpinb12,Anagen&Telogen
CHI3L1,Chil1,Anagen&Telogen
ANGPTL1,Angptl1,Anagen&Telogen
ADAMTS4,Adamts4,Anagen&Telogen
CDH19,Cdh19,Anagen&Telogen
ADORA1,Adora1,Anagen&Telogen
FMO1,Fmo1,Anagen&Telogen
FMO2,Fmo2,Anagen&Telogen
ADCK3,Adck3,Anagen&Telogen
TGFB2,Tgfb2,Anagen&Telogen
CTGF,Ctgf,Anagen&Telogen
FABP7,Fabp7,Anagen&Telogen
CIRBP,Cirbp,Anagen&Telogen
NDUFA4L2,Ndufa4l2,Anagen&Telogen
BICC1,Bicc1,Anagen&Telogen
MRPL54,Mrpl54,Anagen&Telogen
CRY1,Cry1,Anagen&Telogen
SELM,Selm,Anagen&Telogen
ALDH3A1,Aldh3a1,Anagen&Telogen
TUSC5,Tusc5,Anagen&Telogen
TCAP,Tcap,Anagen&Telogen
RASD1,Rasd1,Anagen&Telogen
NR1D1,Nr1d1,Anagen&Telogen
KRT20,Krt20,Anagen&Telogen
TSHR,Tshr,Anagen&Telogen
LPIN1,Lpin1,Anagen&Telogen
CYS1,Cys1,Anagen&Telogen
IRF4,Irf4,Anagen&Telogen
DAPK1,Dapk1,Anagen&Telogen
MYLK4,Mylk4,Anagen&Telogen
IL31RA,Il31ra,Anagen&Telogen
BNIP3,Bnip3,Anagen&Telogen
FAM107A,Fam107a,Anagen&Telogen
C10orf71,3425401B19Rik,Anagen&Telogen
TEF,Tef,Anagen&Telogen
PNPLA3,Pnpla3,Anagen&Telogen
TENC1,Tenc1,Anagen&Telogen
MAPK12,Mapk12,Anagen&Telogen
ARSI,Arsi,Anagen&Telogen
LRRN4CL,Lrrn4cl,Anagen&Telogen
KLF9,Klf9,Anagen&Telogen
PAPSS2,Papss2,Anagen&Telogen
ANGPTL2,Angptl2,Anagen&Telogen
LYPD6,Lypd6,Anagen&Telogen
SCN2A,Scn2a1,Anagen&Telogen
SLC43A3,Slc43a3,Anagen&Telogen
APLNR,Aplnr,Anagen&Telogen
LRRC4C,Lrrc4c,Anagen&Telogen
CCDC141,Ccdc141,Anagen&Telogen
CRY2,Cry2,Anagen&Telogen
FBN1,Fbn1,Anagen&Telogen
NCEH1,Nceh1,Anagen&Telogen
S100A14,S100a14,Anagen&Telogen
RORC,Rorc,Anagen&Telogen
CIART,Ciart,Anagen&Telogen
ST6GALNAC5,St6galnac5,Anagen&Telogen
RECK,Reck,Anagen&Telogen
CYP4B1,Cyp4b1,Anagen&Telogen
ANGPTL7,Angptl7,Anagen&Telogen
TMEM243,Tmem243,Anagen&Telogen
LRRC17,Lrrc17,Anagen&Telogen
ART3,Art3,Anagen&Telogen
MN1,Mn1,Anagen&Telogen
CGREF1,Cgref1,Anagen&Telogen
SPON2,Spon2,Anagen&Telogen
CLOCK,Clock,Anagen&Telogen
CMKLR1,Cmklr1,Anagen&Telogen
SERPINE1,Serpine1,Anagen&Telogen
SLC46A3,Slc46a3,Anagen&Telogen
PTPRZ1,Ptprz1,Anagen&Telogen
LMOD2,Lmod2,Anagen&Telogen
SLC41A3,Slc41a3,Anagen&Telogen
CDCA3,Cdca3,Anagen&Telogen
CIDEC,Cidec,Anagen&Telogen
TIMP4,Timp4,Anagen&Telogen
SLC1A5,Slc1a5,Anagen&Telogen
CYP2B6,Cyp2b10,Anagen&Telogen
CYP2F1,Cyp2f2,Anagen&Telogen
DBP,Dbp,Anagen&Telogen
CHP2,Chp2,Anagen&Telogen
TSPAN4,Tspan4,Anagen&Telogen
THRSP,Thrsp,Anagen&Telogen
LYVE1,Lyve1,Anagen&Telogen
DNAH3,Dnah3,Anagen&Telogen
HPGD,Hpgd,Anagen&Telogen
LAYN,Layn,Anagen&Telogen
NRG4,Nrg4,Anagen&Telogen
ARPP21,Arpp21,Anagen&Telogen
PRRG3,Prrg3,Anagen&Telogen
SRPX2,Srpx2,Anagen&Telogen
TSC22D3,Tsc22d3,Anagen&Telogen
PRC1,Prc1,Epidermis&Telogen
PER1,Per1,Epidermis&Telogen
WEE1,Wee1,Epidermis&Telogen
SLC6A6,Slc6a6,Epidermis&Telogen
LIFR,Lifr,Epidermis&Telogen
GLI3,Gli3,Epidermis&Telogen
CORO2A,Coro2a,Epidermis&Telogen
EPHA4,Epha4,Epidermis&Telogen
ANLN,Anln,Epidermis&Telogen
GLUL,Glul,Epidermis&Telogen
EXOC8,Exoc8,Epidermis&Telogen
H6PD,H6pd,Epidermis&Telogen
AKIRIN1,Akirin1,Epidermis&Telogen
NFIL3,Nfil3,Epidermis&Telogen
RPIA,Rpia,Epidermis&Telogen
MTHFD2,Mthfd2,Epidermis&Telogen
WSB1,Wsb1,Epidermis&Telogen
HIVEP2,Hivep2,Epidermis&Telogen
NOP16,Nop16,Epidermis&Telogen
VTI1B,Vti1b,Epidermis&Telogen
DIO2,Dio2,Epidermis&Anagen
